,track_id,artists,album_name,track_name,popularity,duration_ms,explicit,danceability,energy,key,loudness,mode,speechiness,acousticness,instrumentalness,liveness,valence,tempo,time_signature,track_genre
0,4KmkJjHTNlr1jFY56Lyz4E,KATSEYE,PINKY UP,PINKY UP,0,131437,True,0.844,0.876,10,-4.76,0,0.0954,0.00885,5.48e-05,0.13,0.579,151.997,4,pop
1,5IMpnpD0tQVcqWlVIgtAtV,Bella Kay,iloveitiloveitiloveit,iloveitiloveitiloveit,0,183237,True,0.615,0.327,6,-8.13,0,0.0332,0.735,3.09e-05,0.112,0.382,143.198,4,pop
2,7ogpGbKc4Io6NCU6ydxXwZ,Alex Warren,FEVER DREAM,FEVER DREAM,0,153430,False,0.77,0.778,10,-5.546,0,0.046,0.139,0.0,0.307,0.762,107.97,4,pop
3,7gtG45ieyQzKtNKobfLd49,Harry Styles,"Kiss All The Time. Disco, Occasionally.",American Girls,0,213440,False,0.584,0.659,1,-6.838,1,0.0381,0.0128,8.39e-05,0.0776,0.288,101.4,4,pop
4,6f68Ac5tt5BQOpwr0BV9oN,Bruno Mars,The Romantic,I Just Might,0,212973,False,0.786,0.713,5,-6.193,1,0.0326,0.0536,0.0,0.133,0.879,102.997,4,pop
5,12bYYQaLqHliSXvRIYlq8G,Bruno Mars,I Just Might,I Just Might,0,212973,False,0.786,0.713,5,-6.193,1,0.0327,0.0541,0.0,0.133,0.876,102.997,4,pop
6,0QPdjsMOUhwouq1NS3HwfQ,Harry Styles,"Kiss All The Time. Disco, Occasionally.",Coming Up Roses,0,248866,False,0.315,0.236,10,-11.066,1,0.0353,0.557,9.41e-06,0.0948,0.311,176.396,4,pop
7,7eYzn1CuiJK6VvUhf8zA6k,RAYE,THIS MUSIC MAY CONTAIN HOPE.,WHERE IS MY HUSBAND!,0,197142,False,0.39,0.781,8,-7.04,1,0.0918,0.0599,0.0,0.14,0.628,115.939,4,pop
8,3xClevycpBON8bkyxFbAna,Harry Styles,"Kiss All The Time. Disco, Occasionally.",Taste Back,0,221653,False,0.617,0.798,9,-5.891,0,0.0347,0.38,0.00981,0.095,0.501,123.015,4,pop
9,6QletrrmpkUpeJkipX9pgf,Bruno Mars,The Romantic,Cha Cha Cha,0,236559,False,0.787,0.713,0,-7.037,0,0.0338,0.252,5.65e-05,0.0613,0.883,124.997,4,pop
10,1sVBT215CDmVJvfy1E2OCU,Bruno Mars,The Romantic,God Was Showing Off,0,211063,False,0.572,0.717,6,-6.323,1,0.0511,0.26,0.0,0.443,0.962,159.916,4,pop
11,1sA1DhT0bLyeICf8NalPS7,Harry Styles,"Kiss All The Time. Disco, Occasionally.",Aperture,0,311733,False,0.667,0.715,2,-10.07,1,0.0518,0.0974,0.06,0.108,0.186,127.996,4,pop
12,0i4qKfuKJ3juUsEwnJAxk3,Harry Styles,"Kiss All The Time. Disco, Occasionally.","Ready, Steady, Go!",0,160400,False,0.753,0.755,9,-6.444,0,0.0509,0.0527,0.0901,0.232,0.852,117.981,4,pop
13,028i7HBfp8uE5epmx5ieMA,Harry Styles,"Kiss All The Time. Disco, Occasionally.",Pop,0,216026,False,0.412,0.716,11,-7.405,1,0.231,0.0067,0.00756,0.114,0.343,117.995,4,pop
14,4i4BVY2JiH4mDSLIBdNGKD,Bruno Mars,The Romantic,On My Soul,0,174676,False,0.692,0.861,1,-5.823,1,0.0354,0.186,0.0,0.181,0.966,130.035,4,pop
15,0VV0AMmgLBUhzuFedr3F3e,Harry Styles,"Kiss All The Time. Disco, Occasionally.",Dance No More,0,194880,False,0.845,0.752,0,-5.287,1,0.0866,0.0782,0.107,0.115,0.786,117.015,4,pop
16,3QuRLv8zkIYH31O5VgEpmo,Harry Styles,"Kiss All The Time. Disco, Occasionally.",Carla's Song,0,253653,False,0.509,0.65,0,-8.153,1,0.0857,0.459,0.0339,0.077,0.556,153.931,4,pop
17,7s7v5EoNLD6TwDu4Nw51Oy,Harry Styles,"Kiss All The Time. Disco, Occasionally.",Are You Listening Yet?,0,192400,False,0.662,0.846,4,-6.491,1,0.0937,0.0266,0.0126,0.0877,0.382,124.004,4,pop
18,0tV6LXuVzJR4yifqwQuNwN,Harry Styles,"Kiss All The Time. Disco, Occasionally.",The Waiting Game,0,169960,False,0.631,0.87,5,-7.945,1,0.0458,0.0983,0.286,0.104,0.835,166.054,4,pop
19,7BjcYqD0CqXnG45ezWSTYR,Lady Gaga;Doechii,RUNWAY,RUNWAY,0,171010,True,0.781,0.849,9,-5.003,0,0.196,0.0187,9.66e-05,0.335,0.864,120.048,4,pop
20,2bAQsNqdo62T8akkIvWzGl,Hearts2Hearts,RUDE!,RUDE!,0,200000,False,0.78,0.784,6,-4.2,0,0.0893,0.169,8.39e-06,0.339,0.467,128.076,4,pop
21,3THVfoVD5kdCxPviVaCPi7,KATSEYE,Internet Girl,Internet Girl,0,163831,False,0.689,0.94,2,-1.849,1,0.0605,0.00764,0.0,0.171,0.844,130.056,4,pop
22,5Q4HTsEGKanxOwL1nYCnhQ,Peso Pluma;Tito Double P;LENCHO,DINASTÍA (DELUXE),chiclona,0,161620,True,0.794,0.835,2,-5.141,0,0.0609,0.548,0.00124,0.144,0.59,120.97,4,pop
23,0UqHzMvRQnaOXEPKgFVhxN,Laufey,A Matter of Time: The Final Hour,Madwoman,0,239333,False,0.333,0.528,9,-7.974,0,0.0336,0.539,0.0064,0.19,0.456,86.867,4,pop
24,0XOynYFi9hQfIXKnTct9A7,RAYE;Hans Zimmer,THIS MUSIC MAY CONTAIN HOPE.,Click Clack Symphony. (feat. Hans Zimmer),0,301674,False,0.594,0.568,3,-10.116,1,0.0482,0.511,2.35e-06,0.0902,0.631,94.161,4,pop
25,6GteP2UCnpHRWSZTL63QHe,Harry Styles,"Kiss All The Time. Disco, Occasionally.",Season 2 Weight Loss,0,229560,False,0.667,0.885,5,-6.524,0,0.049,0.00252,0.00279,0.124,0.402,118.047,4,pop
26,4dUOhTTMy4ITIbNQKPKYFP,The Strokes,Going Shopping,Going Shopping,0,261747,False,0.565,0.897,9,-4.859,1,0.0844,0.0048,0.00874,0.103,0.687,151.069,4,rock
27,0XpxBV69JUDfqyzrJbndsw,Joji,Piss In The Wind,PIXELATED KISSES,0,110430,True,0.503,0.739,4,-6.667,0,0.0345,0.0354,0.25,0.421,0.0392,124.003,4,rock
28,6ApJPH38pM4dBKJFuW0NrX,Mitski,Nothing's About to Happen to Me,Where's My Phone?,0,189853,False,0.407,0.663,3,-6.968,1,0.0325,0.0183,3.16e-06,0.0677,0.32,132.957,4,rock
29,6iDKiCR13L8Ba6bkK6cqqt,Angine de Poitrine,Vol.II,Sarniezz,0,275599,False,0.477,0.603,11,-8.559,0,0.0669,0.000217,0.846,0.114,0.781,116.023,4,rock
30,1KVkzkmFBx4A8bCma6ruKA,Angine de Poitrine,Vol.II,Fabienk,0,391268,False,0.821,0.455,11,-9.746,0,0.0819,0.027,0.857,0.182,0.79,127.974,4,rock
31,77zqs8ucHCSk5jh9TYec4b,Noah Kahan,The Great Divide,The Great Divide,0,317961,True,0.549,0.678,11,-5.011,1,0.0298,0.00891,0.0,0.142,0.341,80.527,4,indie
32,6ryklsC1VIlTSV7QtWh24G,Buffalo Traffic Jam,I Don't Care,I Don't Care,0,229420,False,0.572,0.586,7,-6.718,1,0.0365,0.216,0.0,0.104,0.207,121.917,4,indie
33,4eMXMUkWS4aChMfA1UO4YJ,Mitski,Nothing's About to Happen to Me,If I Leave,0,180053,False,0.663,0.307,3,-14.412,1,0.0278,0.0847,0.000654,0.11,0.77,155.525,4,indie
34,6EoD3qpTgNtwXNqamzLCn5,Royel Otis,Sweet Hallelujah,Sweet Hallelujah,0,182156,False,0.416,0.827,0,-4.007,1,0.119,0.00473,1.56e-05,0.164,0.494,76.874,4,indie
35,4eFV1LfWlYCVJnPTuSo3db,Joji,Piss In The Wind,LOVE YOU LESS,0,201186,False,0.476,0.668,2,-6.22,1,0.025,0.0414,0.000769,0.133,0.633,79.98,4,indie
36,40p1AU9WjnKzgUTQu3FBEN,Tiffany Day,HALO,EVERYTHING I'VE EVER WANTED,0,135111,True,0.579,0.34,0,-8.813,1,0.0362,0.893,0.0,0.145,0.392,134.933,4,indie
37,0haXcqxsgfbGTq6OYjLyIs,Joji,Piss In The Wind,Hotel California,0,128986,True,0.675,0.293,4,-11.675,1,0.0372,0.879,0.055,0.109,0.558,91.989,4,indie
38,6pFmi8RgLNHLB7nOan39RA,The Neighbourhood,(((((ultraSOUND)))))+,Good Grief,0,261306,False,0.542,0.607,5,-6.49,0,0.026,0.011,0.00892,0.143,0.596,92.006,4,indie
39,5PYrRnaRsCOOE0c65L4y2M,Tiffany Day,HALO,SAME LA,0,224661,True,0.613,0.776,5,-4.173,0,0.042,0.00903,0.121,0.0769,0.578,132.973,4,indie
40,0FyhBw60Tk0UyVqJEJqn9N,Tiffany Day,HALO,DOIT4ME,0,181333,True,0.541,0.95,11,-5.066,0,0.0634,0.003,0.0261,0.266,0.429,134.988,4,indie
41,05CjWFAcAlY6O9po6Qwakk,Ella Langley,Be Her,Be Her,0,217240,False,0.726,0.733,11,-5.218,1,0.0291,0.095,0.0,0.369,0.743,110.981,4,country
42,2jCJjRc9mz6VYBMhLy3H9i,Zach Bryan,With Heaven On Top,Plastic Cigarette,0,185788,False,0.603,0.462,0,-8.802,1,0.0609,0.594,0.00735,0.105,0.478,77.473,4,country
43,0hv6276QhpMDnVJIMxEWPH,Ella Langley,Dandelion,Bottom Of Your Boots,0,199080,False,0.614,0.739,9,-5.964,1,0.0337,0.151,0.00125,0.13,0.512,109.104,4,country
44,7scFxt9VhL4FJwuPSfRlfN,Ella Langley,Dandelion,Choosin' Texas,0,231746,False,0.683,0.781,1,-4.733,1,0.0309,0.0092,0.0,0.193,0.488,112.03,4,country
45,34D5CH3DKBGpAj8ktFOAUH,Ella Langley,Dandelion,Dandelion,0,240946,False,0.556,0.7,11,-6.605,1,0.0462,0.117,0.0,0.119,0.358,137.85,4,country
46,13HD3tYTiz8oSRxWzXEq7g,Ella Langley,Dandelion,Be Her,0,217240,False,0.726,0.733,11,-5.218,1,0.0291,0.095,0.0,0.369,0.743,110.981,4,country
47,65t42trkFQjspA3vzjl7bF,Ella Langley,Dandelion,Broken,0,183853,False,0.636,0.681,6,-5.28,1,0.0321,0.00491,5.2e-06,0.114,0.331,139.772,4,country
48,7sSmQ1OuQqmOabSxLnOnT5,Ella Langley,Dandelion,Loving Life Again,0,226413,False,0.594,0.555,1,-6.353,1,0.0259,0.158,0.000364,0.167,0.361,100.11,4,country
49,0n09hxqzKFxW1MBxIjctny,Ella Langley,Loving Life Again,Loving Life Again,0,226413,False,0.594,0.555,1,-6.353,1,0.0259,0.158,0.000364,0.167,0.361,100.11,4,country
50,7FudQLDIYCX6F7ruexVn2X,Ella Langley,Dandelion,Dandelion,0,240946,False,0.556,0.7,11,-6.605,1,0.0462,0.117,0.0,0.119,0.359,137.85,4,country
51,0BUvxX1tTOSJcsn6Y24Bsp,Zach Bryan,With Heaven On Top,Say Why,0,143985,False,0.515,0.656,3,-5.562,1,0.031,0.155,0.0,0.126,0.614,110.232,4,country
52,0y0W8zIjxv0swTYlg450tP,Luke Combs,The Way I Am,Sleepless in a Hotel Room,0,177674,False,0.455,0.749,8,-6.018,1,0.0326,0.00349,0.00391,0.192,0.564,160.122,4,country
53,5LNgnMLXaoG9KRkL47KlZu,Luke Combs,The Way I Am,Rethink Some Things,0,165289,False,0.572,0.853,11,-6.833,0,0.0474,0.315,2.57e-06,0.494,0.654,87.989,4,country
54,37kzuSrUdgkC3X22F0bLbw,Ella Langley;Miranda Lambert,Dandelion,Butterfly Season (feat. Miranda Lambert),0,212946,False,0.71,0.594,3,-6.155,1,0.0282,0.557,4.63e-05,0.101,0.28,103.976,4,country
55,67Ar9BnEeB5FU5vQBYhbGe,Luke Combs,The Way I Am,Be By You,0,197655,False,0.691,0.561,1,-7.735,1,0.0231,0.612,0.00164,0.109,0.713,94.026,4,country
56,0zwYtowNHP3r9DUHjo6AZl,Ella Langley,Dandelion,You & Me Time,0,200800,False,0.655,0.622,8,-6.304,1,0.0389,0.197,3.41e-05,0.0643,0.619,140.042,4,country
57,6yOHshc12fwMtM74xoy4je,HARDY;Eric Church;Morgan Wallen;Tim McGraw,McArthur,McArthur,0,231533,False,0.545,0.471,4,-9.147,1,0.0276,0.576,0.0093,0.0858,0.532,144.953,4,country
58,6IA0rcSyIbjZBrA4Vq0cr6,Ella Langley,Dandelion,Last Call For Us,0,211213,False,0.732,0.461,6,-5.945,1,0.0282,0.611,0.0,0.0944,0.317,99.04,4,country
59,3run9sUbpxozM6Cw0k3VfA,Ella Langley,Dandelion,Speaking Terms,0,263200,False,0.604,0.339,0,-7.899,1,0.0276,0.222,0.0,0.133,0.263,138.817,4,country
60,20JeURYv42W2DxiRraVdjJ,Ella Langley,Dandelion,Somethin' Simple,0,207586,False,0.682,0.656,0,-5.755,0,0.0319,0.0349,0.0,0.123,0.456,115.99,4,country
61,1yPfHKF0zxjDZt58hxhTxe,Ella Langley,Dandelion,Low Lights,0,232746,False,0.456,0.531,4,-5.405,1,0.0334,0.0904,0.0,0.103,0.29,154.9,4,country
62,7ks1bfjmiJZjug0jjyQDYt,Ella Langley,Dandelion,We Know Us,0,186213,False,0.64,0.778,8,-4.17,0,0.0521,0.111,1.31e-05,0.125,0.275,116.018,4,country
63,1aHAmd4iXRRkXIrTJwKncm,Marshmello;Thomas Rhett,Where We Go,Where We Go,0,196188,False,0.667,0.811,2,-3.66,0,0.0293,0.0151,0.00018,0.227,0.648,136.026,4,country
64,51o6ew28L60lB9HYX9tOgg,Megan Moroney,Cloud 9,Wedding Dress,0,230635,False,0.523,0.325,8,-7.486,1,0.0295,0.664,0.0,0.143,0.334,147.869,4,country
65,3NrAVoBHOvYcmRur0vM9x8,Megan Moroney,Cloud 9,Medicine,0,191970,False,0.481,0.838,5,-4.649,1,0.0396,0.00426,2.29e-06,0.244,0.938,168.003,4,country
66,4T7QaGCE1dlt1kdX6VZYKo,Ella Langley,Dandelion,It Wasn't God Who Made Honky Tonk Angels,0,203066,False,0.622,0.743,11,-5.063,1,0.0337,0.002,0.0,0.105,0.591,123.918,4,country
67,4dKr81KWnnn3YqBrbV5Gjl,Zach Bryan,With Heaven On Top,Appetite,0,185174,True,0.427,0.676,4,-5.252,0,0.0568,0.31,0.0,0.367,0.386,98.201,4,country
68,6qFuapeZY7rCfMDtY74K3Z,Ella Langley,Dandelion,I Gotta Quit,0,141853,False,0.417,0.91,3,-4.443,1,0.322,0.0692,0.0,0.121,0.746,174.043,4,country
69,42Zw3Z5xOv7bTV6C6PVwRg,Corey Kent,Empty Words,Empty Words,0,152360,False,0.69,0.543,6,-5.639,0,0.026,0.435,0.0,0.113,0.499,86.965,4,country
70,5jcS2jxv5IhNr6DenoBTi0,Sam Barber,Broken View,The More I Hope,0,246562,False,0.602,0.629,6,-7.022,1,0.0349,0.178,0.000461,0.106,0.452,123.973,4,country
71,5kfhStchJYHqwypSwRwysc,Luke Combs,The Way I Am,Miss You Here,0,184063,False,0.526,0.797,5,-6.403,1,0.0325,0.0496,0.000453,0.0977,0.512,154.059,4,country
72,3aSyshS7O34fmTpcieSCTt,Max McNown,Done For,Done For,0,153315,False,0.703,0.741,5,-4.779,0,0.0414,0.235,0.0,0.296,0.789,138.058,4,country
73,06oRwfBISxd06rozMDDogR,Zach Bryan,With Heaven On Top,Bad News,0,196382,True,0.31,0.677,1,-5.91,0,0.0495,0.248,0.000204,0.0469,0.166,173.585,4,country
74,6TqqJJiJxThChwqBA7X7Tq,Luke Combs,The Way I Am,Soon As I Get Home,0,209131,False,0.588,0.724,9,-6.577,1,0.024,0.0843,6.35e-05,0.195,0.53,91.999,4,country
75,4S44OIOTYXBssJibn6iMQI,Ella Langley,Dandelion,Most Good Things Do - Acoustic,0,178010,False,0.738,0.321,0,-7.291,1,0.0315,0.472,0.0,0.194,0.251,118.375,4,country
76,0RRpMyf3DjSxBvwMYQVXt7,Laufey,A Matter of Time: The Final Hour,I'll Forget About You (In Time),0,252400,False,0.166,0.111,0,-13.547,1,0.0417,0.943,5.1e-05,0.262,0.0594,77.709,4,jazz
77,4F5ka6lx7RlUWGjzTIby5D,Laufey,A Matter of Time: The Final Hour,"I Wait, I Wait, I Wait",0,209733,False,0.333,0.0824,9,-15.428,1,0.0405,0.984,0.00315,0.103,0.156,106.332,4,jazz
78,1gjrb6iiP6KIrQnDBIqqDi,Laufey,How I Get,How I Get,0,219866,False,0.146,0.379,0,-9.132,1,0.0319,0.617,0.00206,0.0922,0.0747,183.909,4,jazz
79,2s4kfMyVXLtqTVf6ynDbf0,Laufey,A Matter of Time: The Final Hour,How I Get,0,219866,False,0.146,0.379,0,-9.132,1,0.0319,0.617,0.00206,0.0922,0.0749,183.909,4,jazz
80,5S8hSDSs49lKt9A21qriUU,RAYE,THIS MUSIC MAY CONTAIN HOPE.,Happier Times Ahead.,0,270152,False,0.798,0.665,8,-4.127,1,0.0688,0.569,0.0,0.101,0.752,109.973,4,jazz
81,5BBW0U4l8cmjYgzx6A0vkP,Laufey,A Matter of Time: The Final Hour,Lover Girl,0,164400,False,0.659,0.447,11,-7.225,1,0.152,0.835,0.0,0.0751,0.899,87.905,4,jazz
82,5wL9bbT4NKoQ5aikuFCGvT,Laufey,A Matter of Time: The Final Hour,Clockwork,0,150866,True,0.623,0.356,7,-7.614,0,0.0341,0.876,0.0,0.0746,0.602,125.746,4,jazz
83,0NLoUqN0vfNm6NqTc2qrGo,Laufey,A Matter of Time: The Final Hour,"Too Little, Too Late",0,233600,True,0.279,0.223,10,-10.345,1,0.0389,0.947,1.18e-06,0.122,0.19,159.28,4,jazz
84,24Q7aiqWzNr5qzpdp5S3ip,Laufey,A Matter of Time: The Final Hour,Snow White,0,193533,False,0.381,0.201,2,-10.64,1,0.0358,0.919,0.00022,0.0953,0.387,100.977,4,jazz
85,3dYY2sYUzBCLE9BLVHedjB,Laufey,A Matter of Time: The Final Hour,Castle in Hollywood,0,153666,False,0.696,0.407,5,-7.637,1,0.0354,0.791,0.0,0.08,0.575,117.99,4,jazz
86,5UZMBYPQvgeqWFLCzedOKk,Laufey,A Matter of Time: The Final Hour,Tough Luck,0,192866,True,0.678,0.399,1,-6.96,1,0.0368,0.466,0.0,0.117,0.232,117.964,4,jazz
87,3Ci1aN2eXmaPEwdaTe968z,Laufey,A Matter of Time: The Final Hour,Seems Like Old Times,0,179133,False,0.509,0.277,7,-12.821,1,0.0717,0.953,8.44e-05,0.125,0.313,115.82,4,jazz
88,7DEM0croHHjdj4ZmJa9O0h,Laufey,A Matter of Time: The Final Hour,Silver Lining,0,197533,False,0.495,0.343,9,-7.885,1,0.0261,0.819,0.000144,0.111,0.196,82.243,4,jazz
89,2DG20cnHcJch4H9pbL9w7r,Laufey,A Matter of Time: The Final Hour,Carousel,0,199800,False,0.439,0.271,2,-11.044,1,0.0291,0.945,0.0145,0.114,0.286,145.89,4,jazz
90,6TA3dYJ1DBDHJD5Xc3z1f9,Ludovico Einaudi,Solo Piano,Adieux,0,173374,False,0.184,0.00416,3,-36.959,1,0.0508,0.988,0.931,0.105,0.287,73.013,4,classical
91,67owhi2vdncwSNE4fEM5Lc,Strings From Paris,Bridgerton Season Four (Covers from the Netflix Series),Never Be The Same,0,225064,False,0.317,0.0752,0,-20.733,1,0.04,0.899,0.114,0.137,0.319,80.041,4,classical
92,46odPfzMypgxCBMUPmdKxr,Motionless In White,Afraid Of The Dark,Afraid Of The Dark,0,278416,True,0.46,0.961,3,-3.197,0,0.222,0.000548,0.0,0.114,0.227,110.561,4,metal
93,3r2ZoCWlf9RewWlxxozfQ8,Jay Wheeler,De Lejitos,De Lejitos,0,207600,True,0.712,0.565,5,-6.858,0,0.0378,0.38,0.0,0.1,0.479,99.903,4,latin
94,67jm6nWkkJUsiJ6zedlYng,Régulo Molina;Oscar Maydon;Neton Vega,Canasteo,Canasteo,0,270697,True,0.833,0.598,1,-7.752,1,0.369,0.126,8.29e-06,0.168,0.859,171.918,4,latin
95,4rrGcaA4OqeNty6CXxnfz0,Peso Pluma;Tito Double P;El Randal,DINASTÍA (DELUXE),ganga,0,165949,True,0.751,0.912,6,-4.381,0,0.0619,0.451,0.0709,0.177,0.657,124.961,4,latin
96,4icM6ny646bWf318ws9LWz,Peso Pluma;Tito Double P;LENCHO,chiclona,chiclona,0,161620,True,0.794,0.835,2,-5.141,0,0.0609,0.548,0.00124,0.144,0.59,120.97,4,latin
97,1nkrOMcNi5TAwYWDQAOaB3,Omar Camacho;Victor Mendivil;Angel Almaguer;$HUPE,4x4,4x4,0,288671,True,0.912,0.466,1,-12.756,1,0.241,0.0637,0.0,0.0967,0.976,142.988,4,latin
98,11mDIi9MNeOXoeSqiYQnWI,El Alfa;De La Ghetto;Zion;DJ Chulo NYC;El Cherry Scom;La Greña;Ronny GTA;Ezzy R,PANTI Y COLALE 2.0,PANTI Y COLALE 2.0,0,279685,False,0.663,0.918,4,-2.189,0,0.212,0.324,9.18e-06,0.115,0.838,126.673,4,latin
99,2KgzC2HaBfy67hMkSUDOys,Luis R Conriquez;Neton Vega;Rey Quinto,Aguas,Aguas,0,172682,False,0.838,0.694,2,-6.54,0,0.0344,0.198,0.0,0.131,0.737,121.979,4,latin
100,3DEPnIQZWIcpRUwH5O0J6O,Calle 24;Fuerza Regida,ETERNO,Noche Perfecta,0,204321,True,0.548,0.571,3,-7.518,1,0.048,0.213,0.0,0.322,0.728,74.599,4,latin
101,2A802q6kZPas36Fh3nVepA,Peso Pluma;Tito Double P;Armenta,DINASTÍA (DELUXE),london,0,193229,True,0.685,0.824,2,-4.962,0,0.0691,0.549,0.000548,0.107,0.511,116.924,4,latin
102,7ojNFDRPCH9gIpDtdCjl9W,Victor Mendivil;Hades66,Alaska,Alaska,0,206340,False,0.693,0.561,1,-8.539,1,0.453,0.0953,0.0,0.139,0.323,124.424,4,latin
103,4Tx0nnFH7oVo3fvVyVeTYv,Peso Pluma;Tito Double P;Rey Quinto,DINASTÍA (DELUXE),marianita,0,179977,True,0.64,0.868,2,-5.521,0,0.0608,0.517,0.0295,0.162,0.794,131.583,4,latin
